,date,pred,cci,copper,copper_pct,gdp,alc,alc_pct,spread,emp,emp_pct,inflation
0,1980-01-01,1.0,0.5002871934141089,0.9189074001009288,-0.017536835568475687,0.30948590225657735,-2.399882298404234,0.0001222906728002982,-0.8256643537289924,-0.006275952041210626,-0.008821215647585305,0.12552673619683005
1,1980-02-01,1.0,0.4984059622571399,0.922761349817776,-0.017358623948400324,0.30792382726757134,-2.4026385695123325,0.00014065844595277953,-0.8247469677921341,-0.006269757300978949,-0.008873325409516795,0.11935048182207662
2,1980-03-01,1.0,0.4949464255829258,0.9197795543594979,-0.016887726322035113,0.3088574378288026,-2.3945928381365955,0.00013129085557025792,-0.8218711659616076,-0.006251941993305275,-0.00879735385102233,0.11932829683253107
3,1980-04-01,1.0,0.49350758617622986,0.9169408288475385,-0.017365923571745448,0.3086705677791489,-2.3859727060587184,0.00012311034539000846,-0.8227051535059141,-0.006239552946908424,-0.00877002291482276,0.11773984957687395
4,1980-05-01,0.0,0.5005161207852609,0.9190533938818217,-0.0179916319750945,0.3068660901309812,-2.3802144678091617,0.00011542288079799882,-0.8473210758096905,-0.006277876998814621,-0.008781147212949954,0.10231994253529224
5,1980-06-01,0.0,0.3859573401452518,0.850595306440615,-0.009966338633807704,0.10035683190866375,-2.003979342970821,0.0001934724714365139,-0.6275904244843566,-0.004436813469632045,-0.00596962539906931,-0.15188410568043634
6,1980-07-01,1.0,0.3055574109714039,0.7393265325557526,-0.008440549052038213,0.06670180414730853,-1.6648244436625095,0.00015832778550329646,-0.5282077378308244,-0.003641427628821334,-0.005058444922070115,-0.12713528175442504
7,1980-08-01,1.0,0.33176626026111683,0.7021857596650948,-0.024367768468254183,0.12785500597086177,-1.6194477837501273,8.253329330969087e-05,-0.6573818990889696,-0.0040438285711737335,-0.008880099836934144,-0.039451931679784474
8,1980-09-01,1.0,0.280409305872244,0.6832245541547673,-0.008652407935857665,0.06824369652635494,-1.582888727888676,0.0001430291784009768,-0.5202208745872606,-0.00335652699423431,-0.004908105419964646,-0.10868785200341279
9,1980-10-01,1.0,0.29928283866957467,0.657674731470786,-0.023418440032285288,0.17560087608034688,-1.5672623770305574,7.332980593642891e-05,-0.6679683448443514,-0.004011212459989938,-0.009356676675387426,0.016629335023586923
10,1980-11-01,0.0,0.28095684667934095,0.6523553917475013,-0.023183292430138353,0.19441047731657862,-1.5786778129993417,7.580473607400518e-05,-0.6456966004938659,-0.003992894243793247,-0.009453448719513475,0.044619376282911745
11,1980-12-01,0.0,0.2648690175011801,0.6732538973536987,-0.008675196532995446,0.08608692826905727,-1.6007628872448205,0.00013995641403713623,-0.5115221859608647,-0.003323221141776786,-0.005136740842931671,-0.0824134761119975
12,1981-01-01,0.0,0.2618551018528791,0.656563524792866,-0.022663969134433415,0.20649414611217662,-1.615865011265342,8.242524788896027e-05,-0.591869928473456,-0.0039553003138344655,-0.00966839905641746,0.08825269516432684
13,1981-02-01,0.0,0.25697662229603685,0.6583874163290246,-0.022667240550033413,0.20618037154563937,-1.6254875310829542,8.276840420826514e-05,-0.5729991614500687,-0.003929866370985102,-0.009704131991814687,0.1004190775764628
14,1981-03-01,0.0,0.25391306413393616,0.6588513677833931,-0.022765336671905077,0.20469402278704485,-1.6301678007578628,8.855637017813223e-05,-0.5594556833895764,-0.0039056381799629815,-0.009742008807966347,0.11004099256492975
15,1981-04-01,0.0,0.25303917576082813,0.6587730201061532,-0.022719027543482064,0.20300445506633108,-1.631584953474421,9.115593745632634e-05,-0.5532780585924438,-0.00389134872444089,-0.00970641000556851,0.11517078374183552
16,1981-05-01,0.0,0.2584239913301811,0.6628389332152533,-0.0816270773637396,0.22029400627833803,-1.6244119266835404,0.00017252260293306552,-0.6100768578940569,-0.004024661327870224,-0.0270234399556691,0.06723843611679847
17,1981-06-01,0.0,0.2396699364155345,0.679137751719703,-0.008202538758173459,0.0858496658164551,-1.6461814218339752,0.00016389868254949552,-0.41048193797313065,-0.003192639379896003,-0.00515910412604123,-0.007783598919318176
18,1981-07-01,0.0,0.24571579412695285,0.6585018441350609,-0.023961848880845415,0.20197728851271343,-1.6386607410024683,0.0001133601147178181,-0.5205394230479253,-0.003845568545750163,-0.010072260088512927,0.13962922109555054
19,1981-08-01,0.0,0.3995872411124815,0.6089219577092674,-0.03065369372885458,0.16934999682519944,-1.3695492177194424,1.3390080790718339e-06,-1.088903072136198,-0.004411801313077474,-0.01297725413680139,-0.23232864860210772
20,1981-09-01,0.0,0.2979333709662584,0.534335579461932,-0.022474896397294903,0.08563326034924415,-1.1279082928326503,-0.0001285939755749482,-0.9052161261942685,-0.0032251412884678372,-0.01218973469071292,-0.39589350285955227
21,1981-10-01,0.0,0.2514664321539741,0.49196881161443073,-0.011658189333803077,-0.04347193326654828,-0.9806607402768857,-6.27253325277455e-05,-0.7526878317509157,-0.0021551993754174055,-0.006452914769135349,-0.5270150577039044
22,1981-11-01,0.0,0.19081380374126025,0.4464623602713712,-0.01129029413349627,-0.0840760838249564,-0.8497195080601578,-7.578283248806717e-05,-0.6426720393920956,-0.0014964558207370899,-0.006303770814774928,-0.5930465915747521
23,1981-12-01,0.0,-0.14954980913280452,0.4302642516008578,-0.06113832728373576,0.36700462977380416,-0.7623537979712435,-0.0008850696451781948,-0.6296220341836454,-0.0020584174545094382,-0.03405515185064368,-0.8126419342600794
24,1982-01-01,0.0,0.09109412907870487,0.36855701646731975,-0.01100581202827036,-0.12618966686967384,-0.6385875827935111,-6.277052721338357e-05,-0.44693751956665717,-0.0005483106363253338,-0.006426506017056185,-0.6660130050736811
25,1982-02-01,1.0,-0.13092380013903093,0.3811689916606068,-0.045779509762850314,0.29372369562138795,-0.6185779695778677,-0.0005733034097988198,-0.6136191531449113,-0.0016598799787137446,-0.02848579126005528,-0.8596437661108457
26,1982-03-01,0.0,-0.07527416971628269,0.36474821065444846,-0.03733657956006994,0.22410908283068445,-0.5747103458617202,-0.00045890568085520984,-0.6512448360323506,-0.0015544766072487374,-0.02400038135470133,-0.851769647890853
27,1982-04-01,1.0,-0.04310113918232194,0.3493915443068274,-0.033796053402526005,0.17885725728210744,-0.5322969141769732,-0.0003738782424349876,-0.6683385313638244,-0.0014544743340871352,-0.02171699275601202,-0.8529178117488242
28,1982-05-01,1.0,0.10072269397904217,0.339202129631377,-0.00883160416173234,-0.135574436360615,-0.5214442120177133,-4.22795489472739e-05,-0.5170840421362569,-0.0004913549362316291,-0.006239610020490914,-0.7864390443227384
29,1982-06-01,0.0,-0.41553404451399617,0.4066691075483964,-0.08441607536579908,0.6110149576457778,-0.6163937290037872,-0.0006781439428334525,-0.5386647094123079,-0.0018644922213845632,-0.05851157808472422,-1.1487404467030882
30,1982-07-01,0.0,0.11485899118792994,0.30960585093715176,-0.009691803977061694,-0.12825226487408836,-0.44570259963909203,-1.0933960748352599e-05,-0.5568517102087626,-0.0005560140867340333,-0.006002169437750575,-0.7859575803325459
31,1982-08-01,0.0,0.07581866589879854,0.2963697054143496,-0.0241027746876315,0.07779666184447909,-0.40101521501839477,-4.5126190794889275e-05,-0.7712395588151663,-0.0014660877205057577,-0.015495241274779767,-0.8021295067829233
32,1982-09-01,1.0,0.121393052652158,0.28283211051692325,-0.008011493050895734,-0.119079236923022,-0.37138707059482196,3.6159793186018064e-05,-0.5561969617365922,-0.0005975231935046319,-0.005899410907033252,-0.7897395700251428
33,1982-10-01,1.0,0.07527556902083439,0.2775910775052231,-0.020155786974076075,0.08438832929497617,-0.3452178473920613,7.076948428290539e-05,-0.7423950823458274,-0.001469695153872176,-0.015754140343315078,-0.8087379036185619
34,1982-11-01,1.0,0.0885305812336397,0.27515346740044533,-0.01874845856524776,0.07927971723839357,-0.3358420623108073,0.0001191967083527492,-0.7631989076239677,-0.0015122345096110707,-0.015398665486771037,-0.8126922369086169
35,1982-12-01,1.0,0.135232188249288,0.275517920924747,-0.007751779310898877,-0.11316758539773938,-0.3496937895008568,4.81866147406393e-05,-0.5888599721203305,-0.0006969185147933627,-0.005937282438303848,-0.7900326024064713
36,1983-01-01,1.0,0.1283521490598472,0.2728401877075414,-0.00786606307689572,-0.11876462534540863,-0.350742867422392,3.8610066210510115e-05,-0.5786895447765737,-0.0006203340669272427,-0.005929725942062987,-0.7770840500166435
37,1983-02-01,1.0,0.10865307630292896,0.25888628482136666,-0.008135370944955238,-0.1265593313250089,-0.3363957784803479,2.853988482656197e-05,-0.5285303132019574,-0.0004389060567414256,-0.005780343381451831,-0.7324694258690118
38,1983-03-01,1.0,0.04431404153980843,0.23959906777508688,-0.0271747136018916,0.0034122273639896074,-0.3090208130949975,0.00010101775175885157,-0.6083472185243747,-0.0007634628096400229,-0.016756760397902925,-0.6982423602263965
39,1983-04-01,1.0,0.07881763151288504,0.2288349228401632,-0.008454937733307442,-0.13820377554571575,-0.30007726411894214,7.006466533046792e-05,-0.4981802249546508,-0.00014219662599171187,-0.005658132301470973,-0.663679219690501
40,1983-05-01,1.0,0.009816606712860918,0.21373132729027025,-0.029575361363110758,-0.01340945204386846,-0.2793318751366827,0.0002811581966607505,-0.5557526457669997,-0.00042063683709848466,-0.018448889414200836,-0.6386580283406591
41,1983-06-01,1.0,0.04503649594873018,0.20235607462721558,-0.0087615838619304,-0.1431629050698809,-0.26729829321456966,0.00010340410176360338,-0.46855470297460977,0.00013199042584503574,-0.005685909549536983,-0.6086642707568564
42,1983-07-01,1.0,0.0325650557582826,0.19414319953291875,-0.008494595238842698,-0.14559780775551065,-0.2579760864903256,0.00011806083849874734,-0.45850887490663994,0.00023375661455435795,-0.005685618695313148,-0.5918189921274362
43,1983-08-01,1.0,0.023054753656995167,0.18619476161866608,-0.008499152588376992,-0.14689176063816003,-0.24699883841498319,0.00013225612231128046,-0.4499882329325058,0.0003098703338466781,-0.005706133404477267,-0.5747780773264385
44,1983-09-01,1.0,0.018122654226793846,0.1830936509511443,-0.008592110325011594,-0.1507332830956325,-0.2460873253787807,0.00014752027749948262,-0.45393419344465813,0.00036872775793710583,-0.0057968932822898365,-0.5693552061431123
45,1983-10-01,1.0,0.016201901709128604,0.18096346263650895,-0.008532868838438894,-0.15314311064694686,-0.24466611658417545,0.00016136923527223582,-0.4572120158684859,0.0003983916398283736,-0.005863929263650998,-0.5641541349115409
46,1983-11-01,0.0,0.013534313881093038,0.18144028203785237,-0.008666013182828834,-0.15685325472826192,-0.24769557856712018,0.00018966531072259343,-0.4510338669832384,0.0004338945420029369,-0.006131958533613319,-0.5622301382375569
47,1983-12-01,0.0,0.014464638454892575,0.18213350244018975,-0.008279532055820675,-0.15611678713789215,-0.249202340502885,0.00018487974894062283,-0.45495194996313515,0.00042333902826239644,-0.0059566403603402785,-0.5621595809979754
48,1984-01-01,0.0,-0.034624402208757295,0.18028444099624621,-0.03197965639459748,-0.04792647817231379,-0.245183706533869,0.0007745763548349284,-0.5230281123624949,9.969957348160465e-05,-0.021775893635766295,-0.5725979950847208
49,1984-02-01,0.0,-0.033326640438495925,0.18139210114496016,-0.03126669410338077,-0.04380140301338944,-0.24787376810000455,0.0007742860990986674,-0.5233244312284068,6.642701975125564e-05,-0.02134598100541971,-0.5682390662284588
50,1984-03-01,0.0,-0.21464458924325996,0.20154835847358002,-0.11209612675739808,0.15318490047682307,-0.2795309093350998,0.0028405011090055932,-0.44763559032079947,-4.2528078411708106e-05,-0.07464625883905954,-0.694690259263072
51,1984-04-01,0.0,-0.028083225163891543,0.18248007338615002,-0.030950694413884754,-0.04867598270456944,-0.2514118648284957,0.0007126209209413069,-0.5307354827957232,6.243647300835634e-05,-0.02061664780551654,-0.5646124135372963
52,1984-05-01,0.0,0.015873899921422296,0.1822703057792646,-0.008823852474672536,-0.15471357995570906,-0.2527547534393701,0.00018971852465776197,-0.46212701464817724,0.0004081026564033061,-0.006065510060810433,-0.5533992242929755
53,1984-06-01,0.0,0.017474167333750058,0.18640193819850404,-0.008806778929222134,-0.15678502128487234,-0.2618295890904822,0.0001891089246307838,-0.47071607262009485,0.0004039339602699622,-0.00616260210623712,-0.5580950904439039
54,1984-07-01,0.0,0.019464558092543095,0.1871929218219007,-0.00880157968868335,-0.15658141680261853,-0.26359064870938276,0.0001875708303597882,-0.47583785060137024,0.00039021486668939874,-0.0061851258974067996,-0.5576002024099816
55,1984-08-01,0.0,0.020844489424627844,0.18806742926747783,-0.008815656336128994,-0.1560306866530401,-0.2652906640411023,0.00018857646728696791,-0.47955867790364604,0.000377784267005206,-0.00624082140534291,-0.5577596585645971
56,1984-09-01,0.0,0.024490525175144075,0.1919573283925774,-0.008780126652982325,-0.15533631048949026,-0.27069632350577066,0.0001865560784312548,-0.480225067975541,0.00034355331697629436,-0.00622564137709309,-0.5611572812859635
57,1984-10-01,0.0,0.022722401286006794,0.1916013308356443,-0.008742168709300602,-0.15572080387432743,-0.27253841616829944,0.0001858006799018426,-0.478364098983231,0.0003582027724573343,-0.006195753351278752,-0.5577431526086402
58,1984-11-01,0.0,0.02348818833223103,0.1930324496060135,-0.008699774031293574,-0.15572900768873457,-0.2752352374960223,0.00018590821327402838,-0.4782817500298377,0.0003510851981734447,-0.006195224907123842,-0.5584901302753955
59,1984-12-01,0.0,0.024738460884969258,0.1944927056070181,-0.008788929841906995,-0.1557213580253491,-0.2781434175792054,0.00018592081259974396,-0.47890855394801335,0.00034104621120457435,-0.006199841618152846,-0.558565973133216
60,1985-01-01,0.0,0.025946630812886975,0.19536670035642403,-0.008756206022046275,-0.15583648163415217,-0.2797045251198513,0.0001860872635844346,-0.48065902331017,0.0003332267287543131,-0.0061956186885972426,-0.558935867632698
61,1985-02-01,0.0,0.026955324963235446,0.19624445751913755,-0.008810698693119567,-0.1555956966368109,-0.281237257728417,0.00018731258562150444,-0.4830189677344481,0.0003245296515812293,-0.006226803131861999,-0.5594631383268481
62,1985-03-01,0.0,0.028588943148911316,0.19713657310356247,-0.008839007093234992,-0.15587156848707995,-0.2829938224175095,0.0001876781580737168,-0.48483989458625676,0.0003151390211532767,-0.006189822710440998,-0.5591847038745008
63,1985-04-01,0.0,0.029979795797935475,0.19784385133615406,-0.008820432524221832,-0.15608654070949507,-0.2842619174266639,0.00018908773446758007,-0.48714761042501004,0.0003071688565790482,-0.006186399554910266,-0.5592246596619064
64,1985-05-01,0.0,0.03185479033064697,0.19870209356500865,-0.008928114183006052,-0.15650546105309235,-0.286061746919446,0.0001901486311106245,-0.4900212176203634,0.0002972801080339838,-0.0061873271914588655,-0.558598501801766
65,1985-06-01,0.0,0.033709635989776505,0.19964947158745974,-0.008958373327445864,-0.15715854638643512,-0.2881199532447002,0.00019106251824145732,-0.49211697757862743,0.0002885604231254008,-0.006194443817487328,-0.5576701170335383
66,1985-07-01,0.0,0.03510052559059998,0.20050610316358294,-0.008934145300567301,-0.15785479214965187,-0.2897648706035863,0.00019216475715576854,-0.4937741852402052,0.000282930336549463,-0.00620301631521263,-0.5575732773601677
67,1985-08-01,0.0,0.03652288971054769,0.2014854291289985,-0.008928593894632072,-0.1588460548746361,-0.29165839553617484,0.00019286830074124152,-0.49419558268051617,0.0002785113957514458,-0.006197127683753115,-0.5575283998607506
68,1985-09-01,0.0,0.037789039808481376,0.20240810997656855,-0.009084111083469775,-0.15938238055725185,-0.29346487499172186,0.00019574284476716117,-0.4954234052841003,0.0002725035341270617,-0.006290862907049197,-0.5573118988489886
69,1985-10-01,0.0,0.039818119854369886,0.20324324161741805,-0.008999468970135666,-0.16130068837157613,-0.29509261449581364,0.0001948026953875989,-0.4961986234021965,0.0002700687235446667,-0.006218442027359343,-0.5567903117832905
70,1985-11-01,0.0,0.030346123926199484,0.1919708412466719,-0.021221212035664114,-0.10899169761056449,-0.2742544530036676,0.0004506336801497766,-0.5507259126780831,4.877096980569497e-05,-0.01395043361445002,-0.5290301043452116
71,1985-12-01,0.0,0.043164701500507524,0.2053012576364967,-0.00901848649163356,-0.16424761650418504,-0.29927438064729667,0.0001965051354046113,-0.49601366348874776,0.0002632811147835052,-0.006223335058031453,-0.5553137552604842
72,1986-01-01,0.0,0.04418171922565153,0.20678723446177397,-0.008924414723922799,-0.16668959610133485,-0.30241592329301936,0.0001988952264212317,-0.49140084968775133,0.0002678986020040465,-0.00615143239188816,-0.5543562543891414
73,1986-02-01,0.0,0.04573910358866974,0.20763526207385674,-0.009023373619409341,-0.1658301910418991,-0.30455683639305764,0.00019567864984452774,-0.49238793506066414,0.00025194044627388425,-0.006196437176469705,-0.5505851500243206
74,1986-03-01,0.0,0.04680518248337365,0.20300271879405474,-0.023309167385512,-0.1170112213262985,-0.2967390233726352,0.0005091150930931797,-0.5625605966615793,-2.139714094644963e-05,-0.015123194041853975,-0.5279505160783684
75,1986-04-01,0.0,0.04686651183899594,0.209691204224781,-0.009053490903050417,-0.16714621133829166,-0.3097567758590579,0.00021054326365211557,-0.48556924667264567,0.0002475091073186865,-0.006174646235463322,-0.5440243808264219
76,1986-05-01,0.0,0.04743309098738651,0.20493824211259198,-0.023315883536326635,-0.125922191757965,-0.302321025278077,0.0005595483751537901,-0.5400647351763043,1.91769701953067e-05,-0.015017343803587813,-0.5191842765203567
77,1986-06-01,0.0,0.04721042455415792,0.2118468051795572,-0.009008755913516795,-0.1682302198976409,-0.314905077901521,0.00022418109066427784,-0.4775686016672457,0.0002464079868577701,-0.0061538966054717845,-0.5395061024273009
78,1986-07-01,0.0,0.04810199004322584,0.20728379999792307,-0.023300809779971805,-0.12941959244299356,-0.30718423237660486,0.0005895076636664982,-0.5340561877358059,3.0156278932901825e-05,-0.014989222347673876,-0.5192679499266291
79,1986-08-01,0.0,0.0474986677461105,0.21377495256010243,-0.009004650309180824,-0.17001472087122588,-0.3186548223096291,0.00023526380320532895,-0.4747132767203943,0.0002509772288335597,-0.0061556532931195205,-0.5404477050957376
80,1986-09-01,0.0,0.04815998454977727,0.20943731055596218,-0.023491827816296412,-0.13152757894068856,-0.3112023737474527,0.0006158515512560408,-0.5306060152770682,3.748759343880279e-05,-0.015114225616891436,-0.5213999548430052
81,1986-10-01,0.0,0.04780757656450928,0.21544230706829823,-0.009043565684932687,-0.17157966640442315,-0.32164092190800075,0.0002454697202463508,-0.4728923266027252,0.00025490681883909847,-0.006170340413437292,-0.5422997383274155
82,1986-11-01,0.0,-0.10105191434054236,0.22196161302394418,-0.3405381063189868,0.03747379405860834,-0.33166731657454657,0.009628443092648238,-0.49296917609074575,-9.983028946140017e-05,-0.21014208139776414,-0.6107435511447028
83,1986-12-01,0.0,0.048988127799883284,0.21744363724228735,-0.009166869243974038,-0.17335351317692685,-0.3250279601413273,0.0002571779975768886,-0.472988630830071,0.0002545115002973863,-0.006234035978473349,-0.5451134436800695
84,1987-01-01,0.0,0.048428323678620704,0.2177047985523705,-0.009108075154501894,-0.17398422018690296,-0.32552412687229415,0.00026077363180986555,-0.47085786312433386,0.00026082206360190225,-0.006198591843858601,-0.5454733656141801
85,1987-02-01,0.0,0.048570808759876495,0.21852169866008758,-0.00910071498377012,-0.17497928069158472,-0.3269657303252135,0.0002650406525008602,-0.4696672714797584,0.0002641706125579868,-0.006186481837412624,-0.5467072819437435
86,1987-03-01,0.0,0.05050143798546798,0.21418873138485917,-0.02327082589759501,-0.1357462427494032,-0.3195381579491738,0.0006482906508902932,-0.529835306066376,3.94151983558402e-05,-0.014912276167463576,-0.5272719585444359
87,1987-04-01,0.0,0.048822440083463765,0.22013103008585957,-0.009196817491585746,-0.17651573528714656,-0.3298698031723418,0.00026848212396032877,-0.46818319956131865,0.00026858052819599425,-0.006210339244354821,-0.5490245566491911
88,1987-05-01,0.0,0.048998109164392796,0.22089079710040155,-0.009222851792902251,-0.17719757198640104,-0.33126488140749744,0.00027036147908164913,-0.46785442606617295,0.0002701318000304889,-0.006222753827125046,-0.5500934758672082
89,1987-06-01,0.0,0.05079693866890913,0.21652842544118864,-0.023606790807127243,-0.13838020932327288,-0.32428846339048883,0.0006525049782147419,-0.5278494226580059,4.868819333645047e-05,-0.014916181686977949,-0.5299356064840215
90,1987-07-01,0.0,0.048905045531977984,0.22210308605326118,-0.00940128974564365,-0.1789741579944463,-0.33425400854067794,0.000273766175511699,-0.46670119209413036,0.00027895654239368126,-0.006253815168177569,-0.5508280970556487
91,1987-08-01,1.0,0.04896790985602606,0.22116761734956675,-0.009660626041992663,-0.17966946637980194,-0.3337877160191179,0.0002752027709459085,-0.469816602830217,0.0002852990504430826,-0.0062902871577834585,-0.5483480085740334
92,1987-09-01,1.0,0.0482773883444902,0.21924182523052207,-0.009820094970352872,-0.179955169148146,-0.3321195452729256,0.0002777569063958613,-0.4717929137340588,0.0002956894885803271,-0.006347975283190871,-0.5433587326290927
93,1987-10-01,1.0,0.06033716201818913,0.20938798229137628,-0.024669797011257787,-0.1481786095005568,-0.3172056614641237,0.000652890189274083,-0.5462540125516893,6.641111958242416e-05,-0.014910418752296147,-0.5063181639096205
94,1987-11-01,1.0,0.049159993605774215,0.20946556391532672,-0.010139642828868088,-0.18227434129102493,-0.3203297037304998,0.0002759860724054514,-0.47907270409670283,0.0003258522722065565,-0.006356143549429605,-0.519597416945666
95,1987-12-01,1.0,0.08874277510153641,0.1862696605127953,-0.02788548864727123,-0.16772806112296154,-0.2844586421174652,0.000678687547137834,-0.5843121726520811,6.106268173052624e-05,-0.01566164658599589,-0.43789690644317636
96,1988-01-01,1.0,0.05135206758074117,0.1731731353659533,-0.0118275882380712,-0.1843911173144119,-0.2671943455779634,0.0002607304660408109,-0.4971227664740644,0.0004009339428658852,-0.006399632262439513,-0.44126566772851006
97,1988-02-01,1.0,0.1490615874105481,0.12937939316194347,-0.035404948302895985,-0.20782238885537613,-0.1974873841765916,0.0007249547022914663,-0.6605683122978968,5.1522700968086526e-05,-0.017869141795660227,-0.27604921220783907
98,1988-03-01,1.0,0.20416060183339335,0.11435100620171844,-0.04184319949703228,-0.2662702750113548,-0.17297625871985806,0.0008844187835013438,-0.7129629118725571,9.921606532117611e-05,-0.022961358212974292,-0.2424788546625281
99,1988-04-01,1.0,0.047653076906053735,0.12228167289826798,-0.011352358931912552,-0.18829637664186324,-0.19203102110050269,0.0002105421001976738,-0.5238031424436826,0.000550606419468911,-0.0065488791399857214,-0.3397370491405715
100,1988-05-01,1.0,0.520364485985017,0.082411524067347,-0.10845907784611691,-0.7052801971670755,-0.1247190676533054,0.002371539901596904,-0.7122502505382109,0.0008008145665676469,-0.062019325465997234,-0.026600713706941868
101,1988-06-01,1.0,0.1981962922964935,0.08382303133002111,-0.03127258847766876,-0.23423989693029204,-0.13027439797144122,0.0005266803672661624,-0.73866568923357,8.01301649592557e-06,-0.018006118211540363,-0.13899521000260295
102,1988-07-01,1.0,0.2050822083349097,0.07646936053741843,-0.03116267637836119,-0.23534726376976398,-0.11935416705166697,0.00048228500182940956,-0.754442631972301,-1.0697566651472235e-05,-0.017826647200119793,-0.11701018381839304
103,1988-08-01,1.0,0.5666515846071283,0.06367383535536643,-0.10057385869757049,-0.7562168523558301,-0.09717976583320101,0.0019968783567924217,-0.7424554080384843,0.0008591533942653584,-0.05993915909635896,0.037334215467770326
104,1988-09-01,1.0,0.04919798798129719,0.07922681951694661,-0.01186440562567656,-0.19357185280200315,-0.12898636976141944,0.00014755961465245511,-0.5880169433158243,0.0006649354063734729,-0.007122129772417125,-0.260245089135583
105,1988-10-01,1.0,0.5831185334487099,0.05507817336276346,-0.09821784735642218,-0.7778109242740312,-0.08502390940479924,0.0018131485006431939,-0.748904452998096,0.0009036110003518777,-0.05953253853609418,0.06462248850379354
106,1988-11-01,1.0,-0.08842898260817822,0.057600821409213014,-0.00023261022054728227,-0.05887092633095328,-0.10360404236960559,2.873704252449707e-05,-0.05870226428044014,0.0006412911423238484,-0.00020029805083303167,0.04687219320664642
107,1988-12-01,1.0,0.2253231050121667,0.04141289227762177,-0.032603511655297734,-0.24849691705609148,-0.06674645132461471,0.0003128715127147825,-0.7795916731900262,1.4132735866944898e-05,-0.01759183261145427,-0.015589989514824806
108,1989-01-01,1.0,0.23341755236731496,0.03069836335838991,-0.03237571410986477,-0.2526039646360064,-0.04934209131161853,0.0002782148883537961,-0.7902296866520195,1.0153330588406902e-05,-0.017487118320555068,0.01583928345271079
109,1989-02-01,1.0,0.2405060027829984,0.021782640898625298,-0.03140076482767699,-0.25741437444200316,-0.03478030406203947,0.0002529450626231578,-0.7983095485170829,1.2480609433397088e-05,-0.017557172074524077,0.04215498188197409
110,1989-03-01,1.0,0.6972761161343551,0.013464741156968697,-0.09437742758240632,-0.912824182082732,-0.016407809610409427,0.0011939402328502568,-0.8099979666216782,0.001080709792846659,-0.059220404229595555,0.21423370545319892
111,1989-04-01,1.0,0.6997467011575911,0.00936975226500107,-0.09035580244877225,-0.9298453754283227,-0.011483195987755929,0.0009581098893521749,-0.7745097569208151,0.0011742345859866751,-0.05832540027827985,0.21689342237923953
112,1989-05-01,1.0,0.2624440482265465,0.00759589889114532,-0.028910022821423072,-0.2776680350871175,-0.012694746916242778,4.5981199961683576e-05,-0.8069400037551582,2.563329672025581e-05,-0.018025523594864475,0.09341545317931878
113,1989-06-01,1.0,0.2714549626119205,0.004974592871429023,-0.02809260808511731,-0.2863749913646975,-0.007351082101717599,-4.800853621600159e-06,-0.806568503443481,2.6178434202489673e-05,-0.018239677772802318,0.10404435580527027
114,1989-07-01,1.0,0.06660027176030696,0.011541446726040813,-0.012413461596021367,-0.2082395712647821,-0.024837960722652857,-5.897139920398662e-05,-0.6601705925530009,0.0007862904442093278,-0.007935946018423675,-0.10972845236328939
115,1989-08-01,1.0,0.28275856513558834,0.0013716338945475835,-0.026537618634336915,-0.3059847060975828,-0.004739975003661591,-0.00010643438121029563,-0.7932907562416217,7.905249974825447e-05,-0.01877876262835277,0.12560439693527492
116,1989-09-01,0.0,0.7522517451800943,0.00012874377039034867,-0.07656097698438909,-1.0134242726033698,0.0008446428042616676,3.277886495863898e-05,-0.7542853780979096,0.0013614435943947844,-0.0576298010147535,0.2611040694503861
117,1989-10-01,0.0,0.7585309775173995,-0.0014401988266952007,-0.0788554328950788,-1.0233250595441101,0.0030728473585080094,-8.771968119074493e-05,-0.7532026956425735,0.0013842762832828532,-0.05755418326989339,0.2673568878923468
118,1989-11-01,0.0,0.7641112156241835,-0.0030499578633765424,-0.07890438899322942,-1.0334522864257873,0.005365007251488707,-0.0001992130433377315,-0.7516180756792372,0.0014127524719033204,-0.05754116667406997,0.272470039600467
119,1989-12-01,0.0,0.7703268567960653,-0.0041299861713983395,-0.0757410789913041,-1.0448062240816425,0.0066854693342091875,-0.0003184649701561873,-0.7483568116072292,0.0014433537019455885,-0.057758724293596964,0.2771105142129146
120,1990-01-01,0.0,0.3073014042431846,-0.005369044056865513,-0.027766318282945405,-0.34677674138715864,0.0026978716155331233,-0.00029810230428373966,-0.7900561382999373,0.00018399345166297614,-0.020056804108487952,0.15107643467016166
121,1990-02-01,0.0,0.06268430013560963,0.0028363491116589444,-0.012013807830022979,-0.22194563321410538,-0.01536309287249088,-0.00015111269624361437,-0.6345512150905561,0.0009068494707340996,-0.007964589522085494,-0.08982358259183765
122,1990-03-01,0.0,0.3140261128920474,-0.007346409108621842,-0.027774760581150866,-0.35524463795250916,0.005581682373013335,-0.0003205007818413635,-0.7861811546473225,0.00019617267018494776,-0.020334245313299405,0.16196732977569564
123,1990-04-01,0.0,0.31736911347063,-0.007870696076941453,-0.02842560420023036,-0.35953155148313226,0.006191052688179177,-0.00031143890063549124,-0.7892159891313192,0.00020256843151202382,-0.02044678167352779,0.16426782211554128
124,1990-05-01,0.0,0.3275541327874003,-0.007809642921218349,-0.029227417861401418,-0.3680652137308417,0.004937481614180611,-0.00030484308130050567,-0.7977572231245128,0.0001924756054504578,-0.020913529639383116,0.17215209392461162
125,1990-06-01,0.0,0.3268355760229032,-0.008600702139323754,-0.028961360895922595,-0.3698799292261806,0.006978220251643006,-0.0002945158061793109,-0.7973013136395521,0.00020829713433735185,-0.02082330241389343,0.170743319520738
126,1990-07-01,0.0,0.8020899250529555,-0.0068882522932064375,-0.07351927826898218,-1.0915179171040552,0.009706766412981571,-0.00037690043195356726,-0.7539947017794698,0.0015322414715568703,-0.057983305097608816,0.29281116829293097
127,1990-08-01,0.0,0.0503282630886887,0.006053854867388519,-0.011766809439131408,-0.20386549226639053,-0.018857379144160212,-0.00015260492784917545,-0.6238415876985074,0.0008672772814237884,-0.007815232249723423,-0.09850449495249794
128,1990-09-01,0.0,0.19394595237966628,0.0063970762107159315,-0.020973390381259893,-0.23448032878131914,-0.014009421590610626,-0.00037460891209949,-0.7147263569857073,0.00017971509519898668,-0.017088051879771332,0.0688029849672966
129,1990-10-01,0.0,0.006549131623350749,0.018157006713122564,-0.00953595459280842,-0.1601505710994696,-0.036825111699477345,-0.00017897976842314148,-0.5486041894375839,0.0008382081719379559,-0.00701010998195112,-0.12280441088081775
130,1990-11-01,0.0,-0.011801809992162429,0.021786582208713365,-0.00976906556181381,-0.14497887013117577,-0.04205049083917598,-0.00018664720713419358,-0.523882925758702,0.0008475067254668933,-0.006743162900626433,-0.13399901451435994
131,1990-12-01,0.0,-0.027008522182477967,0.02407642086922305,-0.010429220196609468,-0.12721165090371372,-0.04454422941879053,-0.00019154853945326146,-0.5102925362335976,0.0008269137547566724,-0.006680152204644666,-0.141591263684321
132,1991-01-01,0.0,-0.03961615535933439,0.02556648820870154,-0.011076780760072104,-0.11171317174571446,-0.045033847514319714,-0.0001940579257631611,-0.4999629478177922,0.0008054486597187327,-0.006532313199825791,-0.1478242975650192
133,1991-02-01,0.0,0.004194041715421596,0.024068443174492603,-0.02117029419214393,-0.07138027868579859,-0.03855938325968814,-0.0003967044918026779,-0.5631093435652537,0.00031074885707887777,-0.012965189131494685,-0.06675494465318586
134,1991-03-01,0.0,-0.04806779000838579,0.028696406913272476,-0.011126070734650318,-0.09187310976447648,-0.04635804677071146,-0.000284485035012368,-0.4732210368650353,0.0007275316952811348,-0.006406566432118234,-0.14657282047216091
135,1991-04-01,0.0,-0.04692486525731865,0.02762313898494193,-0.011998848300783365,-0.09129186076462732,-0.04398540467298835,-0.0002915705746855312,-0.48358318003636214,0.0007191200812855005,-0.006930561997218479,-0.14358407536830403
136,1991-05-01,0.0,-0.05106685566363442,0.0282545319211268,-0.01114088311210648,-0.09329969742889663,-0.046129373056167135,-0.00025296202295689747,-0.47423720236585293,0.0007549669400169476,-0.006413187330656274,-0.14937439464742827
137,1991-06-01,0.0,-0.006080753584397628,0.02497205756347647,-0.021583120001098747,-0.05992675261484301,-0.038915384671584556,-0.0005036493580962188,-0.5502448749046663,0.0003014220580985152,-0.012931050752667095,-0.07084467205281189
138,1991-07-01,0.0,-0.05304223689368818,0.028134591737519657,-0.011032562111634505,-0.09473576411516109,-0.04638033965893636,-0.00022939417051817394,-0.4759084074594426,0.0007758893742825336,-0.006445704544096973,-0.15210668637753058
139,1991-08-01,0.0,-0.05413469814739938,0.028131714467489435,-0.011054560290213856,-0.09565496474311548,-0.04662943014436454,-0.00021886351456420504,-0.47575590220693864,0.0007878738031171875,-0.006456777485444145,-0.15333026934692182
140,1991-09-01,0.0,-0.0868928243831878,0.04157604041343866,-0.0002066471059984032,-0.05410024349885411,-0.0867418503121784,2.0572013453371354e-05,-0.0521939153277086,0.0006597366647355194,-0.00018321971883791731,0.04483080921916405
141,1991-10-01,0.0,-0.05435228506027883,0.027988477601761295,-0.01131151854014261,-0.09618477055263107,-0.04677917466420039,-0.0002010686838714314,-0.47884862447546317,0.0007933372733893313,-0.006585530598853044,-0.15382251547265716
142,1991-11-01,0.0,-0.05172941766499034,0.02793893963967328,-0.011736326170268232,-0.09592309570467501,-0.04718581551693722,-0.0001961102522582954,-0.48172210179445585,0.0007777438575805297,-0.006830009188050672,-0.15186329843751087
143,1991-12-01,0.0,-0.11946105326662933,0.023862134682665147,-0.001799759852944564,-0.08613571551325026,-0.033829331018693655,-8.529394672691041e-06,-0.1295770633806346,0.0010376269030017116,-0.0010706489761759248,0.028853392391296258
144,1992-01-01,0.0,-0.002555650235195668,0.02447218612050078,-0.02204812470792829,-0.07060485606740793,-0.039253865647376485,-0.00036646111965689084,-0.5645367563281365,0.0003460596995441367,-0.013251119999223819,-0.07386343040845769
145,1992-02-01,0.0,-9.007314223186382e-05,0.0244654326655751,-0.02195510390635095,-0.07448176005763904,-0.03914787204182532,-0.0003506260021136495,-0.5665490403789478,0.0003535389701011406,-0.013254765003721662,-0.0725399772515117
146,1992-03-01,0.0,-0.05046904407268445,0.027756823409994087,-0.011191487490798844,-0.10963431208592737,-0.04682411910993038,-0.00015407923748458557,-0.4865493139106354,0.0008497434891391279,-0.00653563997828424,-0.15776756537633269
147,1992-04-01,0.0,-0.04955068092727319,0.02781138399459151,-0.011258256338091964,-0.11212575642695247,-0.04699933155999908,-0.00015545034320045,-0.4879900158020608,0.0008588182514018793,-0.006546901410096497,-0.1583612668741336
148,1992-05-01,0.0,0.0060912063443391605,0.024385219404147528,-0.022317379016889016,-0.08430707103428697,-0.0390386342528946,-0.00036143007279154584,-0.5733791627852259,0.00037450556808134425,-0.01341160086140302,-0.07200748123278931
149,1992-06-01,0.0,-0.048448937447525216,0.027702508712551532,-0.011288685464933215,-0.11649452413763456,-0.04681705779177157,-0.00015799718156413777,-0.4905150709941255,0.0008781873876003173,-0.006572992405683778,-0.16014096583633392
150,1992-07-01,0.0,-0.1216275795345313,0.023308637994310308,-0.0017749135514042525,-0.09178106705203669,-0.03353099326197606,-5.163176730058215e-06,-0.13112533372698293,0.0010836311557743475,-0.0010540824593464435,0.030408661033818122
151,1992-08-01,0.0,-0.04656198727684807,0.027477749818877593,-0.011523897345601044,-0.12099231632699509,-0.04635146235305473,-0.00016341637400117166,-0.495014048814662,0.0008939259164010592,-0.00664295151279923,-0.16128369634962822
152,1992-09-01,0.0,-0.04614900757281716,0.02770807950583764,-0.011574731741374491,-0.1251137223406848,-0.04714794000065573,-0.00016312155750745701,-0.49790657152925377,0.0009148887156116402,-0.00663616205790353,-0.16218161319060337
153,1992-10-01,0.0,-0.04317298342086893,0.027110746930108648,-0.011300472843450192,-0.12568757394448182,-0.04666417478237572,-0.00016152508659569249,-0.49185929681397295,0.000904712922959817,-0.006525419539196071,-0.16256253718633015
154,1992-11-01,0.0,0.017912775960726334,0.023875830401151217,-0.022783515716270335,-0.10297413436503297,-0.03776930964651112,-0.00038189251508738344,-0.588630610356991,0.0004145245246336256,-0.013662279733220352,-0.07142586399104944
155,1992-12-01,0.0,0.018884248435951316,0.02389373427869389,-0.022755304034370465,-0.10464655049594104,-0.03779463472642116,-0.000384138919659022,-0.5902734925481119,0.0004186557551158933,-0.013693417142248634,-0.07168439934525771
156,1993-01-01,0.0,-0.043805788207212155,0.0274087807149299,-0.01128805371420114,-0.13375336375196648,-0.04615116654987637,-0.00016571447734388083,-0.49866596627794285,0.0009521411324162868,-0.006599796837055449,-0.1664076528806
157,1993-02-01,0.0,0.019452054711075004,0.02388550476009699,-0.02297882891025569,-0.10674539860952405,-0.03779807706653596,-0.00038960353096622707,-0.5933268475596283,0.00042791751130691845,-0.013792943377642324,-0.07278829271038753
158,1993-03-01,0.0,-0.04459536967942237,0.02761779999474961,-0.011329942996371006,-0.13543560028700685,-0.046929402876208795,-0.00017119088741883903,-0.49749371553596583,0.0009669682198163373,-0.006605567461074977,-0.16868583902294612
159,1993-04-01,0.0,0.02000044511780543,0.02397770571599729,-0.02315144978295221,-0.11050174711891847,-0.03812650163186734,-0.00041112366528519976,-0.5943928811898058,0.00044644065324847494,-0.01394249197596699,-0.07410338747751237
160,1993-05-01,0.0,-0.04561211582094508,0.02761793073916142,-0.011300157319127297,-0.13876203641969162,-0.04689637981177816,-0.00017950611495482294,-0.4975595689284126,0.0009919824376282025,-0.006629724327326883,-0.17086131323902054
161,1993-06-01,0.0,-0.045554143054538886,0.02773551895681253,-0.011250421566530711,-0.13998757491876648,-0.04721023966440044,-0.00018223815421901046,-0.497385213993938,0.0009987236133247388,-0.006634523450558045,-0.17160820769735294
162,1993-07-01,0.0,0.021670314865628072,0.024300021392712576,-0.023009924198647506,-0.11520037281150938,-0.03895743079959912,-0.0004283953124282194,-0.596508451278723,0.0004638082586400134,-0.013921103723953353,-0.07555800949310514
163,1993-08-01,0.0,0.023014478292172513,0.024456457718071842,-0.023202571527991888,-0.11769016436182432,-0.03934247959889259,-0.0004365473186268097,-0.5970572776725057,0.0004701280845111874,-0.014025404569568405,-0.07562988298663025
164,1993-09-01,0.0,-0.1265620389098947,0.023247941242803525,-0.001663141769925323,-0.10007247107572947,-0.03468263610821506,-1.0275494088838349e-05,-0.13008027658857121,0.0011603631906055196,-0.0010120469921321663,0.03175190690797327
165,1993-10-01,0.0,-0.04473078971805675,0.028293162455554178,-0.011334230875691315,-0.14617766190404116,-0.04865834233809122,-0.00019455847515054454,-0.49615024623458676,0.0010292465017431366,-0.006663404657027619,-0.1742578759648232
166,1993-11-01,0.0,-0.0446453338508399,0.028469804723802252,-0.011310614242931628,-0.14747828083946724,-0.04911793669770184,-0.0001968925779107911,-0.4955616909667183,0.0010360905899179792,-0.006670383277265462,-0.1748578171185586
167,1993-12-01,0.0,-0.04463049380129409,0.02862724212869826,-0.011304839911721407,-0.14854909200088298,-0.04952493139202864,-0.00019880857096180946,-0.4949729315604867,0.0010420589447103427,-0.006674423107927497,-0.1753720876245051
168,1994-01-01,0.0,0.02645980894277532,0.025289804364930606,-0.023445173597826812,-0.1263411697876128,-0.041467448155712495,-0.000466451122754781,-0.5982109956167441,0.0004992023781074579,-0.01416676131994319,-0.077291372672209
169,1994-02-01,0.0,-0.044860627660697386,0.02886866768806629,-0.011379340498765813,-0.15015825438573613,-0.05014929276749878,-0.0002027392686593192,-0.4944971103433966,0.0010526411842699654,-0.006688570353471132,-0.17658525098031566
170,1994-03-01,0.0,0.026448316663520516,0.025561391167278413,-0.02358187153357945,-0.1280763384819012,-0.04220129621644474,-0.0004721979319861743,-0.5986178261191237,0.0005092177923477505,-0.014168247356276881,-0.07838252000516885
171,1994-04-01,0.0,-0.045331597801231145,0.029089300706953102,-0.0114722947534542,-0.15173769479749283,-0.05076486491504414,-0.0002049786775326814,-0.4939213717854467,0.001064480272929399,-0.006704470100348408,-0.17784870852914586
172,1994-05-01,0.0,-0.04540446120879939,0.02919181240578133,-0.01148944306151707,-0.15249269648747762,-0.05103595024685589,-0.00020622362901587184,-0.4940771581841589,0.00106928480695254,-0.006718284492948681,-0.17842868561471587
173,1994-06-01,0.0,-0.04386459609085482,0.029087256561227345,-0.011699673151899546,-0.1527430573363186,-0.051067074802414084,-0.00021199711306722885,-0.4956846618225849,0.0010627524933062634,-0.006818272090427492,-0.17768296210504256
174,1994-07-01,0.0,-0.045662226946967706,0.02926577594593312,-0.011713865712325577,-0.15416392478615015,-0.05135485331105192,-0.00020944017908530532,-0.4947255391207734,0.0010807750881255873,-0.006739401399182476,-0.1796691940925195
175,1994-08-01,0.0,-0.04554378011758363,0.029230065767340593,-0.011775573219512336,-0.15486083383395932,-0.05134073904482035,-0.00021170096964934798,-0.4962494942973725,0.001084485899264797,-0.0067537297033433375,-0.18019831090126523
176,1994-09-01,0.0,0.12241802349776967,0.0257990019408112,-0.07531421444501187,-0.24989400307648946,-0.03854982477127301,-0.0015067330393026097,-0.6050331083306851,0.0006326956754541305,-0.04562889174085913,-0.035367802689870095
177,1994-10-01,0.0,-0.04600416746162245,0.02907055435391999,-0.0118965819169714,-0.1561951294271655,-0.05128362008531682,-0.00021696768942512808,-0.49806800533449475,0.0010956489956724866,-0.006799031450268057,-0.18087142274096088
178,1994-11-01,0.0,0.027718145900883704,0.025411101488087683,-0.024738230528628505,-0.13417574767011867,-0.04256081115718658,-0.0005082519489873836,-0.608100779942729,0.0005389075026472208,-0.014491215399333285,-0.07963984846188178
179,1994-12-01,0.0,-0.046299902060567076,0.02864942448219897,-0.012188174017303386,-0.15831454335892797,-0.05066022063291484,-0.00022395402990314548,-0.5004262701169656,0.0011107843312117426,-0.0068720520798242896,-0.1815169572450158
180,1995-01-01,0.0,0.024922573492550466,0.024618041481174573,-0.025232971462355504,-0.13041015007964013,-0.04124922317048809,-0.0005196607292285538,-0.6146302807325321,0.0005359812718252324,-0.014545966035697935,-0.07990846667764359
181,1995-02-01,0.0,0.022243765331730843,0.02392674954914645,-0.025286150929383727,-0.1261795886273429,-0.04002658314427045,-0.000523089037029584,-0.6174479154685428,0.0005290459174064634,-0.014548786854983026,-0.07931999572599449
182,1995-03-01,0.0,-0.050622671408172164,0.026658171323506574,-0.0124090109489435,-0.15006845064525343,-0.047051064126411815,-0.00024560701313830485,-0.5137005083242109,0.001093598969905077,-0.006990407776648108,-0.1793782825987914
183,1995-04-01,1.0,-0.05241828951167611,0.025982285237092066,-0.0123957164567962,-0.14815508168971483,-0.0459099383789796,-0.000258706648120958,-0.514671191864215,0.0010943977829030167,-0.007010968699403482,-0.17808789527785823
184,1995-05-01,1.0,-0.0550156571893843,0.02511726067946512,-0.012418377682093239,-0.14566629444445145,-0.04451742134767686,-0.00027174343538124556,-0.5122163317405385,0.0010964748543161448,-0.0070161405721046646,-0.1751362162416785
185,1995-06-01,1.0,0.007409096628278247,0.021088217312141645,-0.024412689424026964,-0.10978283359431205,-0.035842099116630055,-0.000625189365420935,-0.6102184136297155,0.0005281620774079703,-0.014376974993001624,-0.07699118332703776
186,1995-07-01,1.0,-0.06064106665131991,0.023950523693634557,-0.0122902475458611,-0.14143898947062442,-0.04300242227593316,-0.0002936050311325003,-0.5034220678489126,0.0011061902831356924,-0.006992932370333933,-0.16974128740350528
187,1995-08-01,1.0,-0.0644096936342899,0.02311794510895121,-0.012348109357720276,-0.13840354947351022,-0.041778572260411484,-0.00030564873979769153,-0.49657335173012784,0.0011114278862370513,-0.006986704004446783,-0.16575382446897052
188,1995-09-01,1.0,-0.013767702226056529,0.018698115575379714,-0.02452197712023322,-0.09736494927088708,-0.031462402264216136,-0.0007047334751034584,-0.5975093379642581,0.0005831794946300637,-0.014280461759026728,-0.0802001956733819
189,1995-10-01,1.0,-0.019613085257412156,0.018587426069949262,-0.024134893179663743,-0.09157001213125937,-0.0327282075474872,-0.000724660280221551,-0.5853196311576576,0.0005838930136881238,-0.014184673538978903,-0.07449540298654388
190,1995-11-01,1.0,-0.07296663827389965,0.021527931491193093,-0.012026704572375523,-0.13167836183036968,-0.03988641954341585,-0.00033423872795854343,-0.4838500363354299,0.0011247796879347866,-0.006932614061204945,-0.1589441523405727
191,1995-12-01,1.0,-0.07563560148200628,0.021062487577268682,-0.012020431261527187,-0.129654251376595,-0.03940902099512188,-0.0003422466263711972,-0.47900505427130025,0.001129263629682573,-0.006903970007380897,-0.15650284226604486
192,1996-01-01,0.0,-0.0781118594574936,0.02057868614105983,-0.0119997514872617,-0.12758319953725866,-0.03885009210951645,-0.0003518611128603646,-0.4745748757904161,0.0011323431589868795,-0.006909005684987894,-0.15390423246976964
193,1996-02-01,0.0,-0.0802835362609761,0.020522951900238024,-0.011784726746161782,-0.12641478411680301,-0.03931546322425033,-0.0003576682582547796,-0.4692898559030721,0.001138350362941874,-0.0068685371960468655,-0.15233604930025205
194,1996-03-01,0.0,-0.08169984326269372,0.020594511581798425,-0.011662798476497928,-0.12545888851842743,-0.03999253587480447,-0.0003619264309514658,-0.465368215713305,0.0011410109717647722,-0.006856144529942751,-0.15077296785737307
195,1996-04-01,0.0,-0.08326157234703223,0.02062332176265443,-0.011679589388867234,-0.12456622976179191,-0.04055626140858263,-0.00036631108135159524,-0.4610708403458074,0.0011448188401529454,-0.006842764294864129,-0.14902051750462408
196,1996-05-01,0.0,-0.08479442593136259,0.02068990463955322,-0.011626966777157747,-0.12394772612238826,-0.041103248640186815,-0.0003694792470439508,-0.4580967791532403,0.0011502136390257637,-0.006826859378761601,-0.14854395871949083
197,1996-06-01,0.0,-0.08584620446937775,0.020606462985765486,-0.011737054277749763,-0.12302270913068615,-0.04126532662704455,-0.00037481106196687023,-0.4574462455106641,0.00115147821242304,-0.00684188585874413,-0.14800189322196805
198,1996-07-01,0.0,-0.08669132515134416,0.02061917008948258,-0.011693455132234942,-0.12237776471454784,-0.041590923759036065,-0.00037952366049287165,-0.45706656446007726,0.001153002393153796,-0.006854193848890087,-0.14778139103951615
199,1996-08-01,0.0,-0.0882025084791459,0.02114732762240942,-0.011419799438555924,-0.1217772129166944,-0.04340898900196358,-0.0003790593652137106,-0.44829167850781343,0.0011568859181768087,-0.006787339725539179,-0.14473478369101578
200,1996-09-01,0.0,-0.08906420494777734,0.021494113031928556,-0.011339357564960762,-0.12158984180570204,-0.044550998874648876,-0.00037947514896247733,-0.4449763558854801,0.0011603070338448017,-0.006754883488661345,-0.1440712908003871
201,1996-10-01,0.0,-0.08956214789308564,0.02169561004954762,-0.011344097594994683,-0.12137623742641315,-0.04520986919672194,-0.00038210939450769853,-0.4441844870781754,0.0011619291115730502,-0.006756340039827197,-0.14416889624139914
202,1996-11-01,0.0,-0.08953782127313623,0.021403437903380722,-0.01138388846856422,-0.11477031094940544,-0.04463725092113435,-0.00039270712636740526,-0.42312058286434856,0.0011198590683394786,-0.0068109232684422216,-0.12622265041364528
203,1996-12-01,0.0,-0.059244538866697005,0.01929793670512546,-0.022623743475731237,-0.07146249161679727,-0.04116335659597757,-0.000890833304703428,-0.5198114534232572,0.0007000862909688897,-0.013888281050683932,-0.07359594264276616
204,1997-01-01,0.0,-0.09158178850323888,0.022402901116913527,-0.011451924453475194,-0.11987462576503094,-0.04767404536936152,-0.0003900835979668383,-0.43939356022081977,0.0011644651182758574,-0.006771183843030832,-0.14280297964674524
205,1997-02-01,0.0,-0.06284878421495461,0.019762880188629782,-0.022973628517248382,-0.06866250068795417,-0.042945851365541375,-0.0009098999185301217,-0.5148370022767879,0.0007047145556799217,-0.013957078386608725,-0.07351748413277383
206,1997-03-01,0.0,-0.09336361162288044,0.022755612546876337,-0.011482563104158256,-0.11840221710974994,-0.049073520704452915,-0.00039526474416065436,-0.43615498046138923,0.0011661866028272515,-0.006754358542217826,-0.14183228957433633
207,1997-04-01,0.0,-0.14226472921775987,0.021795333568205254,-0.0013164423394964445,-0.09834892131304443,-0.04266326431299746,-3.135378880080058e-05,-0.10872600652625161,0.0012566352259458938,-0.0008062992478849244,0.04891577107897252
208,1997-05-01,0.0,-0.06822700288817034,0.02023499974810856,-0.023105233025378986,-0.06289381744685689,-0.0450651325168424,-0.0009381481769919736,-0.5099116504946304,0.0007030102378896142,-0.0139900828259103,-0.07277615824361951
209,1997-06-01,0.0,-0.09630379206834688,0.02325442193639239,-0.01151174977810639,-0.11534589911662545,-0.05120073867319884,-0.0004048134674028674,-0.43089188469530576,0.001165474550399488,-0.00674781346047505,-0.13956562577329892
210,1997-07-01,0.0,-0.09728375918933788,0.023378036678897367,-0.011535481842904073,-0.11421125127205826,-0.05178715317811267,-0.0004083050300403913,-0.4296069802225598,0.00116466299198949,-0.006751984837205634,-0.13886906302807797
211,1997-08-01,0.0,-0.09826135907017403,0.02364168071319066,-0.011497777655206041,-0.11309519465245653,-0.05275192963024268,-0.0004116855315044449,-0.42659632688561994,0.0011634824085333597,-0.006754529119943152,-0.13741947484866865
212,1997-09-01,0.0,-0.14346820351262832,0.022650676896517525,-0.0012976690204261762,-0.09798941552278727,-0.04569997590049655,-3.256989692138311e-05,-0.10742369949113434,0.0012614850571180326,-0.0007994194023471733,0.050047655198361574
213,1997-10-01,0.0,-0.07773574358843026,0.02125697901131784,-0.023227298823554506,-0.052844419174920866,-0.049142502882547054,-0.0009852130331966223,-0.49857189052763795,0.0006999899122760243,-0.014100622436093838,-0.070653796664031
214,1997-11-01,0.0,-0.14319142321811099,0.022907895152189307,-0.001282107980063678,-0.09747529855127353,-0.04665519532875139,-3.2840137786209346e-05,-0.10644760893259907,0.0012573486026897813,-0.0007941838272181112,0.05026628075910614
215,1997-12-01,0.0,-0.10085568617467333,0.024778042117057444,-0.01131554596949489,-0.11000754974895034,-0.056549833316404105,-0.00041626391878141016,-0.4174695446891783,0.0011593089339109045,-0.006693714556214879,-0.13345072465530525
216,1998-01-01,0.0,-0.10121777495748926,0.025170122538862857,-0.011260913888914287,-0.10932902760659446,-0.05773640226483123,-0.0004166692759097228,-0.41498377198281244,0.0011569308126327628,-0.0066759328787449525,-0.13232747948952212
217,1998-02-01,0.0,-0.09166334874929113,0.023072258034916537,-0.019221676362663063,-0.08105150384780264,-0.052908569271362664,-0.000799630415460287,-0.5005800683316095,0.0009461424977866037,-0.011630670747535397,-0.11896848268070456
218,1998-03-01,0.0,-0.1430645193642162,0.023879484806745767,-0.0012255215469267576,-0.09660521999831496,-0.04960914299521093,-3.2027905646312254e-05,-0.10397317715463862,0.0012512445595333883,-0.0007677788966122152,0.05122602218554376
219,1998-04-01,0.0,-0.08391725424667208,0.023343674636403453,-0.0232147587576623,-0.045463583214146945,-0.05562646941568872,-0.0010263444948619862,-0.4845911756034788,0.0006910710178746004,-0.014151122997836135,-0.06729085486720254
220,1998-05-01,0.0,-0.10272391448987506,0.026490768145978266,-0.011191064668418729,-0.10694815395102768,-0.06168266041745366,-0.00042229740995557244,-0.40720255524280957,0.0011502831675423593,-0.006622011694736643,-0.12929606954277514
221,1998-06-01,0.0,-0.10304647012520467,0.02700357304200588,-0.011268892527827748,-0.10618302348570662,-0.06327071723003772,-0.00042841861162645957,-0.4066764582050767,0.0011472875437773008,-0.006670059380005215,-0.12839661222728163
222,1998-07-01,0.0,-0.1033576888525089,0.027041668207570275,-0.011154384626113654,-0.10612917403076119,-0.06331153542746212,-0.0004258088879779711,-0.4040882285876352,0.001148632404304201,-0.006602017130247287,-0.12829229795674832
223,1998-08-01,0.0,-0.10347841228091348,0.02731439223430121,-0.011186538302071884,-0.10576962654553677,-0.06412057373739632,-0.00042887987980651574,-0.40236106529581056,0.0011468863368644224,-0.006614700635563571,-0.12742567706952965
224,1998-09-01,0.0,-0.08733672010013149,0.024913194520250207,-0.023462618714672177,-0.043294676668091094,-0.06021456383695897,-0.0010649974790578796,-0.47427791289201787,0.0006966943100776134,-0.014226977536476598,-0.06661345790965528
225,1998-10-01,0.0,-0.10384822472922299,0.0278442589716491,-0.011128670615228401,-0.10589166621896857,-0.0656152059323027,-0.0004289612433770056,-0.39906867078679026,0.0011490485773521717,-0.006572462096658515,-0.12677419467137244
226,1998-11-01,0.0,-0.08797149321304494,0.02562475123282535,-0.02326833464755665,-0.04524517254838865,-0.062131643852856994,-0.0010657660466585003,-0.4669484826619476,0.0007102237327394496,-0.014063890523975301,-0.06629974917355747
227,1998-12-01,0.0,-0.08803243040491203,0.025969985388137422,-0.023204341567050313,-0.04571286995403205,-0.06310857631151807,-0.001062745773646471,-0.4657385196624457,0.0007131109964632858,-0.014015173124866429,-0.06688367390346252
228,1999-01-01,0.0,-0.10418769157375661,0.028518228254777577,-0.011072658137138314,-0.10611495862131,-0.06750401235197058,-0.0004308616090508399,-0.39477479264535104,0.0011514655685488833,-0.006541899733693477,-0.12578991983521662
229,1999-02-01,0.0,-0.08825177893885054,0.026322362644647553,-0.023175089523833306,-0.046501276912764594,-0.06405654382458807,-0.0010657579883998696,-0.46380137189404674,0.0007186377259984078,-0.013994624947816801,-0.06721068968355531
230,1999-03-01,0.0,-0.08974675009239651,0.026408876224377736,-0.02302571323801111,-0.04913753041455322,-0.06417924029140211,-0.0010583704156582636,-0.4651751013624268,0.000742369453108832,-0.013888529844089439,-0.07005267635842571
231,1999-04-01,0.0,-0.08852857602648515,0.0265979418379183,-0.023202441163993656,-0.04702094598738144,-0.06478278827477968,-0.0010704753323934593,-0.4626968082863918,0.0007231317750603141,-0.013994843763110448,-0.06771689378069773
232,1999-05-01,0.0,-0.10462980555319025,0.0289626646266955,-0.011100462932793626,-0.10647408203591201,-0.06870546699940303,-0.00043500309253202864,-0.39283609801774644,0.0011559901997881018,-0.006545972650058519,-0.12596060007920712
233,1999-06-01,0.0,-0.0887515361985026,0.02685975232666498,-0.023196000423522534,-0.04746111152963257,-0.0655020045838677,-0.0010720593728386662,-0.4606158162962171,0.0007268549156252395,-0.01395763411979595,-0.06790029123983823
234,1999-07-01,0.0,-0.1430645482969078,0.026416038407746652,-0.0011104324894903646,-0.09562198510303675,-0.056998807866233084,-3.271330850883289e-05,-0.09658999809982102,0.0012450510406161032,-0.0006921412396415144,0.05303724860096234
235,1999-08-01,0.0,-0.10501319291454998,0.029194663523072584,-0.011145022072280962,-0.10685164633038655,-0.06932856670241154,-0.0004387565046176877,-0.39183995432517504,0.001160506763309764,-0.006553750216345526,-0.12638606153588086
236,1999-09-01,0.0,-0.1040351888949568,0.02916070807014085,-0.01148641715021398,-0.10505197850375142,-0.06943398294167794,-0.00045755792592594907,-0.39339409065382075,0.0011452284904584372,-0.00675589577661324,-0.12524303155610417
237,1999-10-01,0.0,-0.10649689042686729,0.02938764481586271,-0.011173883601722051,-0.10833247409585833,-0.0697795867730338,-0.00044895626175189455,-0.3882401624875474,0.001177573751921552,-0.006559130040704654,-0.12849610447594875
238,1999-11-01,0.0,-0.14325735494090128,0.026758707084912695,-0.0011030152963571965,-0.09580643031533101,-0.05796578511111863,-3.33283905321354e-05,-0.09555664607656698,0.001247389505028466,-0.0006814455545631099,0.05300760291959741
239,1999-12-01,0.0,-0.10542824146931351,0.029462609847691595,-0.01119065351796485,-0.1074872131436677,-0.07004906196052162,-0.0004435284882224894,-0.3907762177226538,0.0011668294260159062,-0.006567434428657856,-0.12707047962670284
240,2000-01-01,0.0,-0.1055607404381548,0.029527033784140323,-0.011177475355028582,-0.10772013625170924,-0.07021781063765456,-0.00044267225122903136,-0.39036712138109825,0.0011689849368809182,-0.006558564006535782,-0.12726287933535857
241,2000-02-01,0.0,-0.10562847480177726,0.029560324838858214,-0.011223934929843816,-0.10771826200267313,-0.0703104121040987,-0.0004462387498054126,-0.3904797955759486,0.001169515376603634,-0.00657796591306334,-0.12740965444053098
242,2000-03-01,0.0,-0.10577931495055305,0.029617416456775337,-0.011225098520649965,-0.1078852673473594,-0.07046411276026142,-0.0004463810129364934,-0.3901753649754542,0.001171436880126113,-0.00657770669248741,-0.12764350924335696
243,2000-04-01,0.0,-0.10601202141817179,0.02966852475047564,-0.011225009877485304,-0.10810595820294247,-0.07057534263009524,-0.0004470931009293742,-0.3896094082656955,0.0011740449036594558,-0.0065778875082252285,-0.12784323879257517
244,2000-05-01,0.0,-0.10605792679130072,0.02978924020843211,-0.011252429682526868,-0.10821690188241397,-0.0708899266298543,-0.0004482742188489977,-0.38983938567649745,0.0011749527775040808,-0.006594193551320939,-0.12800714130768734
245,2000-06-01,0.0,-0.10658233217309587,0.02984848851511996,-0.01117036626799357,-0.10939399326783747,-0.07103358748780195,-0.00044440640024831523,-0.38738281226466553,0.001184790606222675,-0.006549780258609016,-0.12901497481371801
246,2000-07-01,0.0,-0.10622439375615031,0.02989439732410817,-0.01125257114416564,-0.10853898310209137,-0.07121218164377328,-0.0004483967950882323,-0.3887514572666032,0.001177977705235361,-0.006589175563459821,-0.1282346980947454
247,2000-08-01,0.0,-0.1062772171622216,0.029806338168098082,-0.01128491314110623,-0.1085511128098549,-0.07101116914782558,-0.0004506403995872817,-0.3880002100131799,0.0011786207102621859,-0.0066042068777617995,-0.12812341925083057
248,2000-09-01,0.0,-0.10644876523991986,0.03008943076067607,-0.011274932468258506,-0.10887572592108241,-0.07174683692095438,-0.00044955889605375406,-0.3877670377418843,0.001181219646356845,-0.0065951222351853175,-0.12848542992384407
249,2000-10-01,0.0,-0.10647237938727212,0.030159741428456184,-0.011296252385228793,-0.10884561605323675,-0.07196519758123046,-0.00045051286369540136,-0.38741028829510016,0.0011812222646099115,-0.00659878866876834,-0.1282709568998382
250,2000-11-01,0.0,-0.09104762053628633,0.028485853024748868,-0.023005500978560543,-0.05403294792057587,-0.0698712773840727,-0.0010645764592770379,-0.4521246995506049,0.0007785174887950275,-0.013699231169734483,-0.07388544831408922
251,2000-12-01,0.0,-0.10686129275889013,0.030346415482334806,-0.011279560733132573,-0.10940170939097621,-0.07247158189725823,-0.00045046180721797577,-0.3857927611767321,0.0011866464036630973,-0.006591900013814821,-0.1286495899435364
252,2001-01-01,0.0,-0.10697533569013142,0.030442554076698304,-0.011287047279904185,-0.10957499485584295,-0.07274817703902443,-0.00045087677462659335,-0.385080146753801,0.00118829670680239,-0.006592734617693768,-0.12867834354294178
253,2001-02-01,0.0,-0.08953044327541881,0.029659870248686982,-0.023224213942318956,-0.05609394286597588,-0.0732297968646301,-0.0010774267862011303,-0.4572518222175896,0.0007835963020555863,-0.013802706745190355,-0.08223553663990703
254,2001-03-01,0.0,-0.09203440210799685,0.02899369165478164,-0.0233933977935381,-0.054670483595284244,-0.07123623493095112,-0.0010904370207533833,-0.44955510159475953,0.0007877537017541991,-0.013923277672989913,-0.07500968621809917
255,2001-04-01,0.0,-0.10286976156751305,0.019066825881032288,-0.011788725909429344,-0.0353798324041959,-0.0427825615124196,-0.0003874927131049275,-0.510467099738385,0.0007575573623411836,-0.0072463680691876526,-0.09315909327071806
256,2001-05-01,0.0,-0.10298352882077091,0.013099024044441175,-0.0123109660382217,0.03131816397490821,-0.02850783896431927,-0.00036180695141987734,-0.5856839978191017,0.0003840522236794851,-0.007675520317086174,-0.05325533552262343
257,2001-06-01,0.0,-0.10338487818724162,0.009055244566412327,-0.011084163159500759,0.08347452402861609,-0.018931795184490816,-0.00034500462034454737,-0.6105843998544187,8.788035843679792e-05,-0.007919357516405146,-0.008261293507068489
258,2001-07-01,0.0,-0.15305480081406161,0.0009498246640007618,-0.0006274420175230586,-0.08580938112080355,0.01824291890472948,1.3621700667593338e-07,-0.10518941019572348,0.0012616324153788762,-0.0004913627461171562,0.08034728791976974
259,2001-08-01,0.0,-0.35654557695440897,-0.00010432149263331761,-0.046767428031812906,0.4481300576991752,-0.0058997039330300274,-0.0022469586431277553,-0.5968501949629498,-0.000503816317355736,-0.035479760729057015,-0.049112341291375344
260,2001-09-01,0.0,-0.37890550635652787,-0.0021844408643707284,-0.047480352557787084,0.500254738083033,-0.0024380860148127447,-0.0021668901745495934,-0.6064190759132232,-0.0006678225574763535,-0.03550917980200305,-0.04064884633151365
261,2001-10-01,0.0,-0.10367375293121178,-0.0007341198032714642,-0.010277407876685534,0.2384386900662548,0.001701179355805504,-0.00030155670273043653,-0.599415830730954,-0.0008106075287932223,-0.007863185117537136,0.1627994289507795
262,2001-11-01,1.0,-0.20835919030476993,-0.0023419542754298662,-0.01974051749370762,0.3425023164196636,0.00160812220010823,-0.0007181410679143395,-0.6839015366793451,-0.0007586278974186481,-0.014820773073790853,0.025250049259169877
263,2001-12-01,0.0,-0.10612741620563422,-0.002044487861993538,-0.009913351571420627,0.2598939177426647,0.0045457454441565175,-0.00026878387073956355,-0.580955781305552,-0.0009254838468133567,-0.00737022236186876,0.19663684102170956
264,2002-01-01,0.0,-0.4194974419909065,-0.004355757182458184,-0.04469166672459128,0.576325990262775,0.0005946664182242167,-0.001989883333459,-0.6204601005242968,-0.0008609963280108762,-0.03369207423967014,-0.03986654481568087
265,2002-02-01,0.0,-0.20389336967599328,-0.0019344194309478177,-0.019740375001103608,0.32745158211866615,0.0012456583325866914,-0.0007094868667128464,-0.6801678029479622,-0.0006997229967711985,-0.01453223398925998,0.022194663928318013
266,2002-03-01,0.0,-0.1096265341862876,-0.0019314043997512333,-0.010042018831072804,0.25388956449084926,0.004694145941323409,-0.0002683030127860323,-0.5815818185975573,-0.0008722609782706432,-0.007375081467020921,0.19423578305798933
267,2002-04-01,0.0,-0.1094646292617149,-0.0016495995107574685,-0.01007103748108968,0.2524174668232693,0.004072671947574753,-0.0002687563756406376,-0.5816441206501538,-0.0008637088461313593,-0.007381069938553274,0.1889705551509723
268,2002-05-01,0.0,-0.11054002767188446,-0.0015850081197544197,-0.010100409295361556,0.2510922719591469,0.004013754417940564,-0.00026869958775578687,-0.5822630405445299,-0.0008498255482332194,-0.007394558259019694,0.18693804505815853
269,2002-06-01,0.0,-0.2026924928685994,-0.0017358223389306526,-0.019623083146620843,0.3156521029746875,0.001331460867853251,-0.0006848122024343027,-0.6804469056487663,-0.0006393582453797664,-0.014248088534576042,0.016333463144548605
270,2002-07-01,0.0,-0.11314977590448189,-0.0014719495926535868,-0.01015029818911707,0.24700081366578508,0.004078007662975978,-0.0002680483299176922,-0.5812164212347589,-0.0008116824896974813,-0.007397920293685216,0.1827717372741417
271,2002-08-01,0.0,-0.2012952399332605,-0.0016437578029864868,-0.019432592349340083,0.30758716319569307,0.0014745854555718754,-0.0006704029011924704,-0.6789991108583293,-0.000601629306971894,-0.014060041508157279,0.01336380963258991
272,2002-09-01,0.0,-0.11569909218469701,-0.0013465119926929965,-0.010057907951190541,0.24009820013471678,0.004243700812519556,-0.0002653131344376073,-0.5765877475359564,-0.0007581375180702261,-0.007355705746656074,0.17770181007848362
273,2002-10-01,1.0,-0.1172230595849714,-0.001291460326456528,-0.010017145848415135,0.23549189500228054,0.004388401071914984,-0.00026353004387606017,-0.5735951264017717,-0.0007231589544860055,-0.007317321272302671,0.17376425464116127
274,2002-11-01,0.0,-0.19864664794794792,-0.001431281805773242,-0.018838538636828522,0.28634062831087614,0.002086149871230409,-0.0006396589631310996,-0.6671987977399297,-0.0004975534102185606,-0.013659577521541337,0.006948557881096501
275,2002-12-01,0.0,-0.12005278241492792,-0.0012080274885071828,-0.009851514787632683,0.22373572016216794,0.005021300550557309,-0.00025583472054627345,-0.5603560606467229,-0.000641664656337302,-0.007163594163416358,0.16899645832310206
276,2003-01-01,0.0,-0.19664541612012726,-0.0013584369604593362,-0.018658319895249794,0.2742339899338586,0.002514012147674542,-0.0006202132254641417,-0.6617327644270143,-0.00044089544993081105,-0.013367085895891856,0.0036500745816143106
277,2003-02-01,0.0,-0.12257243957631027,-0.0011813853006690772,-0.00979912366420571,0.2163960320152801,0.005458500185258362,-0.0002528107893506031,-0.5545249923716538,-0.0005859398457475442,-0.007098034822089289,0.1645337624619108
278,2003-03-01,0.0,-0.19480574274349796,-0.0013281106991256937,-0.018429345800251625,0.2627167006546885,0.002996001653448498,-0.0006098463508363285,-0.6566134202880679,-0.00038649073994590085,-0.013108120231679383,0.0003838578947368093
279,2003-04-01,0.0,-0.19437504062920408,-0.0013509984717805323,-0.01826904802253736,0.2564472107819525,0.0033549891993906768,-0.0006078882040229898,-0.6534776985306744,-0.00035357714284030414,-0.012987375191092186,-0.0016465601078647176
280,2003-05-01,0.0,-0.19409362541815417,-0.0013337262150108743,-0.018061172701766725,0.2504541764332511,0.0036674564049986383,-0.0006044288198555966,-0.6494289522982544,-0.000321422641099964,-0.012842841284347388,-0.004049881426814655
281,2003-06-01,0.0,-0.15169803301217052,-0.007296039040848523,-0.0005935115534935119,-0.07985025154398227,0.04012011608715457,4.970952261845441e-06,-0.1026058430457859,0.0012306345188600977,-0.00045732217127788665,0.08419455583615904
282,2003-07-01,0.0,-0.19461095667658587,-0.0013518292793835306,-0.017986575033654712,0.24438212713126484,0.0042028668640928,-0.0006034128124160683,-0.6486643291198041,-0.0002840219690764014,-0.012716023469181307,-0.008156944976140352
283,2003-08-01,0.0,-0.19563209391690423,-0.0014382787082699022,-0.017751080388276826,0.23460668120528427,0.004863501233856161,-0.0005970839467851673,-0.6383205332223809,-0.00022288375750095188,-0.012508924448955355,-0.01218399540043868
284,2003-09-01,0.0,-0.15243480079498448,-0.007303842373422061,-0.0006037840871824581,-0.08102050570477688,0.040271180485511,4.170125315455784e-06,-0.1023604505067558,0.0012418357324512758,-0.00046012490646194865,0.08299463264207589
285,2003-10-01,0.0,-0.19567555078296286,-0.0014210060375252087,-0.017649540888050416,0.2274212125949107,0.005096881119280347,-0.0005967688972279903,-0.6351813365638705,-0.00018152555426401742,-0.01240144848155735,-0.01569486950983592
286,2003-11-01,0.0,-0.19497677142293612,-0.0015423654650047842,-0.01751552749318223,0.22260007557720898,0.00573548300609547,-0.0005906689721694093,-0.6323565800979696,-0.0001585907372342848,-0.012258596564837498,-0.016531376757251828
287,2003-12-01,0.0,-0.4323712645706812,-0.004204429980785952,-0.048176975952195486,0.4742105166312646,0.005822599481770354,-0.0021343857479793203,-0.5797505338686696,-0.00020314508795966137,-0.033846163513992264,-0.11312583544005274
288,2004-01-01,0.0,-0.4338119910202622,-0.004276170183881157,-0.04851913328389049,0.4730101949122076,0.006062582799982772,-0.0021543947034173296,-0.578760948266145,-0.0001876520782069279,-0.034000714629918743,-0.11527369525049852
289,2004-02-01,0.0,-0.15356481378947676,-0.00737721546373894,-0.0006078034240015068,-0.08352946340308029,0.0405255077705234,3.307483623452964e-06,-0.10090740045618037,0.0012635654091691048,-0.0004499216096733319,0.08074905246350453
290,2004-03-01,0.0,-0.19944825483333278,-0.0018376030379514668,-0.017860858234068848,0.21600271946069616,0.00679032969388613,-0.0006052873439142582,-0.6280574419743109,-9.400177791700777e-05,-0.012298273211475787,-0.024511069218199122
291,2004-04-01,0.0,-0.15401396454882918,-0.007423291004902184,-0.0006164940676049587,-0.08438239718837819,0.04066120622144338,2.7712203724499283e-06,-0.10037434615573751,0.001271435831329099,-0.00044793087386579817,0.0798142107176076
292,2004-05-01,0.0,-0.19885059025610538,-0.0020701138119999483,-0.017542349965239422,0.20915919833474744,0.007531561042747214,-0.0005935476024087113,-0.6245393223355322,-5.8195561546491165e-05,-0.01202548959713936,-0.02626351410254028
293,2004-06-01,0.0,-0.41906792626927697,-0.004357251598898,-0.07479892072365814,0.4558408728630468,0.006424869110144905,-0.0033187371649694942,-0.5911321593287255,-0.00017837799563524232,-0.05204096047294599,-0.10595916587617944
294,2004-07-01,0.0,-0.19963927514432933,-0.0022009722916441514,-0.01739250087725612,0.20636440698696581,0.00791926232011721,-0.0005950110976419466,-0.6235525767921538,-3.714822763629206e-05,-0.011981274759437773,-0.028481303295375
295,2004-08-01,0.0,-0.20044523621033808,-0.002287335428588878,-0.017422583568228595,0.2052147647896871,0.008119262979144906,-0.0005975192983541735,-0.6229425478103661,-2.5470727529004853e-05,-0.011980623448517233,-0.030025005019505165
296,2004-09-01,0.0,-0.20071510862621866,-0.0024071163065795104,-0.01732415804759243,0.20369243149962363,0.008457306232722821,-0.0005956042426907088,-0.6220234988035368,-1.5343683195210967e-05,-0.011921819946116494,-0.029664570047327483
297,2004-10-01,0.0,-0.147252753361337,-0.0032311369823597924,-0.008445841352909168,0.14382032648642734,0.014916468011498919,-0.00022379885014666402,-0.4710095044964299,-3.7827869673307e-05,-0.006018491770703941,0.1395280691087078
298,2004-11-01,0.0,-0.20290662782824723,-0.002643137743140545,-0.017320661140581547,0.1985681622419886,0.009205600329053711,-0.0006004779919584932,-0.6173957904182353,2.744304426005713e-05,-0.011894992119966263,-0.0350408277674688
299,2004-12-01,0.0,-0.14920089182113655,-0.00363607618275786,-0.008286296932105178,0.13711032208094684,0.01608741693165306,-0.000220281274049161,-0.4621758467284534,1.1555724567129335e-05,-0.005899354318969216,0.13781368060283536
300,2005-01-01,0.0,-0.20444577498843644,-0.0029304374045739864,-0.017242112213947305,0.1936532410229197,0.009950902181838629,-0.0006023436224897805,-0.612922849542063,6.514965585139986e-05,-0.011822476926253787,-0.038433302971264204
301,2005-02-01,0.0,-0.1511196445318774,-0.0040265847685526,-0.008165136146472138,0.13123546987591228,0.017179474658105962,-0.00021801659304196134,-0.4547884695547633,5.623427154322075e-05,-0.005806751484039362,0.13588046157125286
302,2005-03-01,0.0,-0.20663999798325527,-0.0032648363521898716,-0.017179241379978182,0.18847662288956366,0.010858705840062707,-0.0006092713902204747,-0.6071675835784366,0.0001080704870239509,-0.01178373439111805,-0.04232513740687732
303,2005-04-01,0.0,-0.20710863376748978,-0.0034247611775077747,-0.01712073642399871,0.18555641563534142,0.01129104470158903,-0.0006116457416577516,-0.6045081904608017,0.00012772082317560654,-0.011732732806615088,-0.04371302719742494
304,2005-05-01,0.0,-0.20796830272726818,-0.003602882908272639,-0.01706803392348469,0.18244955891150688,0.011779728876275406,-0.0006162743592918765,-0.6008731772548851,0.00015064083950062503,-0.011704736231374968,-0.04528155209808564
305,2005-06-01,0.0,-0.15454451585399995,-0.004931830814252423,-0.0077836062638040665,0.11689241547555579,0.019695765623754097,-0.00021041488577847747,-0.43483675378109116,0.00015773692959218598,-0.005532384917724711,0.13258541444410862
306,2005-07-01,0.0,-0.1555060375452329,-0.005198600246695792,-0.007706765883146138,0.11334193383268747,0.020368635953688347,-0.0002088293206406741,-0.43003521855634663,0.00018379342321154786,-0.005470805146513764,0.13133452078196114
307,2005-08-01,0.0,-0.2112106743818005,-0.004331168303807564,-0.016899208482683135,0.17136296192049102,0.01368261995221177,-0.0006262743430214526,-0.5857547055955518,0.00023349392950783226,-0.011555292093662054,-0.05060184463805074
308,2005-09-01,0.0,-0.15697705222684286,-0.0057108576328386874,-0.007503881855837203,0.10594694576929765,0.021703556762359768,-0.00020474562064995368,-0.4193170564196472,0.00023462915193104335,-0.00532350752953475,0.12978667080224737
309,2005-10-01,0.0,-0.15829777816016147,-0.005973712011589877,-0.007582518749733309,0.10360041310744655,0.02217629378226786,-0.0002108755928886531,-0.41839495665464643,0.0002572240516046183,-0.005360231354345921,0.1255894080550114
310,2005-11-01,0.0,-0.1582691081586144,-0.00632558218337134,-0.0073047545478188225,0.0980569210092266,0.0231584604791901,-0.0002006840065041064,-0.408086932232676,0.00028776144442605443,-0.005172885689450663,0.12777904288508962
311,2005-12-01,0.0,-0.21262746543283376,-0.005491882651326681,-0.016658143054014352,0.15424148028761547,0.016495473654966675,-0.0006365843754478663,-0.5637617436910562,0.00034029907224533267,-0.011307354172872312,-0.053889825078690674
312,2006-01-01,0.0,-0.15932086614500696,-0.0068568033921135,-0.007157889451135334,0.09242257273809788,0.02434023813408546,-0.00019790257280113786,-0.3997757057635149,0.0003267041151077746,-0.005061963787979533,0.1265440236305156
313,2006-02-01,0.0,-0.45701583128908674,-0.009008981271145234,-0.050160611475071865,0.4073358599659087,0.01802149906874204,-0.002586887007338018,-0.5027360631156873,0.00032972470836898114,-0.034206925183620174,-0.15358460712936614
314,2006-03-01,0.0,-0.16110136837628503,-0.007275195006511282,-0.0071371412783515125,0.08925483826342302,0.025226964634809054,-0.00019956447823282295,-0.39623106624311655,0.00035594684987974557,-0.0050435971883177185,0.12500272245327856
315,2006-04-01,0.0,-0.16102559829654767,-0.0075711005466882276,-0.007009559685885086,0.08661896829943991,0.025881256557553727,-0.00019537326630756624,-0.39149047025577965,0.00037070943875205285,-0.004954993443806275,0.12562602170425696
316,2006-05-01,0.0,-0.2177730289043927,-0.006800411523037977,-0.016741461123348438,0.14540039945149083,0.01919440705503088,-0.0006576535279426239,-0.5477037239696911,0.0004229555856291753,-0.011268890587078981,-0.057875920374700136
317,2006-06-01,0.0,-0.15850894424094936,-0.008149163855104601,-0.000621571904940774,-0.0947912113704004,0.042422911427494124,-6.9119548960789044e-06,-0.09138990365460203,0.0013624383003313018,-0.0004130505556284442,0.07004641504775772
318,2006-07-01,0.0,-0.21792683868377954,-0.0071710782729153795,-0.016482551288410585,0.14359327121252835,0.01986579887426908,-0.0006473222646201402,-0.5453337667865374,0.00043487766557955096,-0.011120144335663305,-0.05701805692663962
319,2006-08-01,0.0,-0.16234973096794508,-0.008250430141245881,-0.006951177856335581,0.08367809028977884,0.027169298234420682,-0.00019541776920456547,-0.3864084775848283,0.0003965698994588177,-0.00489346183110927,0.12598494828217974
320,2006-09-01,0.0,-0.1626048977379808,-0.008395993183117323,-0.0069179666120531315,0.08304170397874995,0.02745075883040535,-0.000194863791642764,-0.3852076111419149,0.00040194762717953595,-0.004876563788648164,0.1262201775858607
321,2006-10-01,0.0,-0.22040275888893934,-0.007621067844796815,-0.016733497916232874,0.1433685990835693,0.020785610482080576,-0.0006705906128286452,-0.54291532681488,0.00045172553439251997,-0.011256347046619203,-0.05881806499888175
322,2006-11-01,0.0,-0.16321845945028413,-0.008649429825879323,-0.006879176012477602,0.08202221574182217,0.027936108184573635,-0.0001946989779300113,-0.3833256536086516,0.00041189717406732966,-0.00485604063506492,0.12630635931251485
323,2006-12-01,0.0,-0.22258227740971673,-0.007978570217057522,-0.01665000180841126,0.14319641236184555,0.021375394287605935,-0.0006688917024216206,-0.5408120655065364,0.00046643456408181083,-0.011271661612010719,-0.05979695284991179
324,2007-01-01,0.0,-0.22268418602228454,-0.008155512393942637,-0.0165516669915658,0.14259418581350872,0.02161843240403251,-0.0006664764440350102,-0.5389501013390718,0.000470846280518748,-0.011217743152721395,-0.05891691518326669
325,2007-02-01,0.0,-0.22359788104900608,-0.008285703879242904,-0.01654309684962904,0.14236816150299297,0.02187141085146818,-0.0006693005307905883,-0.5376925312025016,0.00047778769267525805,-0.011237249811457609,-0.05945272564525271
326,2007-03-01,0.0,-0.2242707372514186,-0.008402025362247469,-0.016526640195695254,0.14192831253028987,0.0220994814822025,-0.0006694732870631096,-0.5365318101444138,0.00048452408762548723,-0.011239915699848627,-0.05990232083330959
327,2007-04-01,0.0,-0.15960877668807788,-0.008348150701279264,-0.0005668469897319743,-0.09675926182926206,0.042914031908537986,-9.34778416591634e-06,-0.0882585612623244,0.0013816420097436744,-0.0003957310872375033,0.06864868763310228
328,2007-05-01,0.0,-0.16399896526194055,-0.009136162463312131,-0.006758901513799841,0.0784339386740429,0.028330772580696023,-0.00019246346708520488,-0.37556756538823377,0.00043972352173950576,-0.004776919448457044,0.12521885059183838
329,2007-06-01,0.0,-0.4756386136220893,-0.011463567595219222,-0.05022400963964238,0.41033247765160924,0.022370125257200765,-0.00269717921314987,-0.4801205832317178,0.0004264385569324001,-0.03441852999499253,-0.15813174474173447
330,2007-07-01,0.0,-0.16544925342453934,-0.009478749934253242,-0.006744768534460207,0.07767754866085724,0.029667812011520182,-0.00019141792145033074,-0.3759114054608516,0.000451323840429212,-0.004770636058233249,0.12647028881327274
331,2007-08-01,0.0,-0.16557416293921703,-0.0095341120380496,-0.006728471160735317,0.07737724502333553,0.02979169043221166,-0.00019037687912986742,-0.3752805862483334,0.0004538538471324501,-0.004759786397517662,0.12670149066105732
332,2007-09-01,0.0,-0.22722815949928607,-0.008958845088286616,-0.016579878313067904,0.1413321123056525,0.023126834422319047,-0.0006718056867996393,-0.53293623155983,0.0005068246830534019,-0.011269685169861886,-0.061004832535477505
333,2007-10-01,0.0,-0.4782615204759626,-0.01178088999997786,-0.05000703489146116,0.41142723041766777,0.022911592428719416,-0.002695717369236666,-0.478048438533496,0.00043644779202230507,-0.034374005945124284,-0.1585843587005453
334,2007-11-01,0.0,-0.22808438961078908,-0.009105283886258829,-0.01659244095631018,0.14109071315284574,0.023431810720393235,-0.0006743848332919539,-0.5318312641502567,0.0005136023636408898,-0.011283828760632273,-0.06134085815753205
335,2007-12-01,0.0,-0.16659203524983332,-0.009853266696798577,-0.0067271116794944295,0.0764788646875027,0.0303582322108977,-0.00019017310221073084,-0.37424054446966604,0.0004660998670292683,-0.00476363401081406,0.12614678240474364
336,2008-01-01,0.0,-0.21923759011700583,-0.0057834462116249765,-0.01746060020417349,0.1671427267649803,0.016421082376074134,-0.0004986514931932953,-0.581987354248146,0.0003090459922563492,-0.00992018640823678,-0.05306728887581252
337,2008-02-01,0.0,-0.5352264073187103,-0.007308894661355609,-0.05206945543197559,0.5168965920354871,0.012529570715159605,-0.0024932974808128394,-0.5278394978210006,0.0001620581686953191,-0.031839317832316506,-0.18125254842422228
338,2008-03-01,0.0,-0.24299979884072537,-0.002582805736832345,-0.015048051160383411,0.20836761299655493,0.010292410270033135,-0.0004829147639030122,-0.5924629537677977,0.000204870556280222,-0.010070797196006304,-0.06455608161922514
339,2008-04-01,1.0,-0.5876679149367977,-0.00495432228271465,-0.042466413938323136,0.5721802575231633,0.008447951421422722,-0.0022711510727390152,-0.509617242492181,0.00014515532865988143,-0.03117654526946258,-0.20930977633758127
340,2008-05-01,1.0,-0.6152077675393423,-0.0042392536710663346,-0.04270107872310073,0.5981406014650138,0.0072347608188038925,-0.0021167007897623154,-0.4971216215775437,0.00015512900329724957,-0.030821249887130857,-0.22480829275720882
341,2008-06-01,0.0,-0.16276554384005637,0.0018018434480717598,-0.004314400900434198,0.09976490728501179,0.014017723613113079,-1.6011271906967648e-05,-0.31948676077214794,0.0002574742704446881,-0.002986193667047099,0.16881640037064014
342,2008-07-01,1.0,-0.13523579408756642,0.010530851829294377,-0.0005340358289600359,-0.07329186624456503,0.014999005704013687,-2.772637056778847e-06,-0.07584907736229482,0.0010526634593802176,-0.000349479127623485,0.06068098967804965
343,2008-08-01,1.0,-0.3540242121809657,0.0014657325789088937,-0.01980263485085247,0.31581763934102797,0.0021795884884744277,-0.0004991233476976553,-0.5787465664602642,0.00023875422765301765,-0.012207723427159116,-0.16298429073805212
344,2008-09-01,1.0,-0.6998119978228469,-0.003037760309446745,-0.05071279691534569,0.682019474128551,0.004423685449025498,-0.001694997620945416,-0.4646557652748972,0.000166912190294059,-0.029387156586654455,-0.2746835292037668
345,2008-10-01,1.0,-0.7171626680372692,-0.0029099099426758315,-0.054406576462483695,0.7016659572065174,0.0037573029235817724,-0.0016448935069020478,-0.45868764084882074,0.0001565144549596083,-0.029358719328838535,-0.2854140298291634
346,2008-11-01,1.0,-0.7447954658061909,-0.0033178092344465443,-0.06560694929674137,0.735813977357021,0.003471155868954019,-0.0015995561978162853,-0.4558621072540516,0.00012521140010445417,-0.029297194009085547,-0.2979910200250452
347,2008-12-01,1.0,-0.783909271419056,-0.004169222617101784,-0.07539922952646812,0.7847650054973179,0.003550706982846685,-0.001460547305797457,-0.4491794140778956,7.737945864193268e-05,-0.02720021230260343,-0.31152405877419176
348,2009-01-01,1.0,-0.5872380075123828,-0.001940357855900077,-0.04827376424482065,0.5953062302502,1.6746298747295835e-05,-0.0006937832891264256,-0.6354308675342445,4.008086257297348e-05,-0.015951633446365587,-0.317039172916041
349,2009-02-01,1.0,-0.5718643795266867,-0.0026470976336862456,-0.04315151926608556,0.599175215803552,-0.001031715198124977,-0.0006410198518491524,-0.6294015219834097,-6.95382364453547e-05,-0.01485096222114831,-0.29145324451980587
350,2009-03-01,1.0,-0.8396092814553396,-0.0058678613989036395,-0.06868949427548127,0.8640188055673067,0.003059712680729734,-0.0013265542552777202,-0.4645745601211748,-3.9353331716415784e-05,-0.02588413525661018,-0.3375220920448137
351,2009-04-01,1.0,-0.8539100625526803,-0.006514138296945672,-0.06572893861644663,0.8893387178600862,0.002644782678501285,-0.0012204062334656134,-0.46893498464262545,-9.648257633757855e-05,-0.025765143424784857,-0.34144832790910434
352,2009-05-01,0.0,-0.8565510124153648,-0.007038362743136461,-0.05751006796339533,0.9053618009180474,0.0017616583818748973,-0.0011458416759108235,-0.47558151640583324,-0.00016793793107452762,-0.02600232909049384,-0.34023466624480736
353,2009-06-01,0.0,-0.567697645922547,-0.004737993453475224,-0.032220721458251375,0.6472328063205968,-0.003976404817712472,-0.0003478568482616948,-0.6637130895914707,-0.0003505343767000261,-0.014419849286918095,-0.27941959536023264
354,2009-07-01,0.0,-0.8500764090906986,-0.007449413409067003,-0.05565433412844798,0.912959524193553,0.0006752657783238898,-0.0010847153393161151,-0.4780283196238989,-0.0002453144931175666,-0.02632990968886703,-0.3320392098006422
355,2009-08-01,0.0,-0.5739202612429056,-0.004699918896750547,-0.03262082925259659,0.649937672315943,-0.003652309759291574,-0.00036539843916310016,-0.6656266807874232,-0.0003297927046411042,-0.014485885064162625,-0.28517265735818464
356,2009-09-01,0.0,-0.8553387578042865,-0.0074337873588817376,-0.05698546395117816,0.9149977142404262,0.001038680061457867,-0.0011106707521591772,-0.47961419890870455,-0.00022645369112645497,-0.02634080216049389,-0.33663976955288794
357,2009-10-01,0.0,-0.8585574740890922,-0.007456309959489924,-0.056992964057993964,0.9170708702764624,0.0012073762522048883,-0.001125446852391223,-0.48050175981797844,-0.00021943664684866504,-0.026360554816105625,-0.33900334741059807
358,2009-11-01,1.0,-0.16615467164325795,0.00017905217796583114,-0.005144568497625021,0.2003074888700733,0.007192170926665747,6.463991097996054e-05,-0.28556301808017664,-0.0002857082229064011,-0.00258384250619719,0.20737216395516078
359,2009-12-01,0.0,-0.8650289761416592,-0.007499369147248433,-0.056986380574045835,0.9211450227616553,0.0015494904229762742,-0.001147590343772443,-0.4821802966058194,-0.00020472678323440457,-0.026365552085756142,-0.3440400711069011
